model,accuracy,precision,recall,f1_score,auc_roc
random_forest,0.9875,0.975,0.975,0.975,0.9932291666666666
logistic_regression,0.95625,0.9459459459459459,0.875,0.9090909090909091,0.9802083333333333
